"","permit","year","annual_avg"
"1","AA1953G008",1979,663742
"2","AA1953G008",1980,3700463
"3","AA1953G008",1981,975504
"4","AA1953G008",1982,2301604
"5","AA1953G008",1983,3464377
"6","AA1953G008",1984,3377763
"7","AA1953G008",1985,3507025
"8","AA1953G008",1986,3389921
"9","AA1953G008",1987,2757896
"10","AA1953G008",1988,2822454
"11","AA1953G008",1989,2566535
"12","AA1953G008",1990,4281827
"13","AA1953G008",1991,4340826
"14","AA1953G008",1992,3887617
"15","AA1953G008",1993,4386616
"16","AA1953G008",1994,4518488
"17","AA1953G008",1995,5641855
"18","AA1953G008",1996,6229445
"19","AA1953G008",1997,6262038
"20","AA1953G008",1998,6311337
"21","AA1953G008",1999,6489181
"22","AA1953G008",2000,5888828
"23","AA1953G008",2001,6141000
"24","AA1953G008",2002,6231047
"25","AA1953G008",2003,6024405
"26","AA1953G008",2004,6189721
"27","AA1953G008",2005,6425063
"28","AA1953G008",2006,6536205
"29","AA1953G008",2007,5650241
"30","AA1953G008",2008,5515481
"31","AA1953G008",2009,5536989
"32","AA1953G008",2010,6553625
"33","AA1953G008",2011,7059600
"34","AA1953G008",2012,5622929
"35","AA1953G008",2013,4466773
"36","AA1953G008",2014,5037008
"37","AA1953G008",2015,4954073
"38","AA1953G008",2016,5775709
"39","AA1953G008",2017,6524910
"40","AA1953G008",2018,6754532
"41","AA1953G008",2019,6267318
"42","AA1953G008",2020,6332005.479
"43","AA1953G008",2021,6420000
"44","AA1953G008",2022,3038361.644
"45","AA1953G108",1993,187342
"46","AA1953G108",1994,244773
"47","AA1953G108",1995,338934
"48","AA1953G108",1996,295639
"49","AA1953G108",1997,240942
"50","AA1953G108",1998,290219
"51","AA1953G108",1999,289745
"52","AA1953G108",2000,305850
"53","AA1953G108",2001,363118
"54","AA1953G108",2002,141307
"55","AA1953G108",2003,8175
"56","AA1953G108",2004,313194
"57","AA1953G108",2005,491085
"58","AA1953G108",2006,351496
"59","AA1953G108",2007,268784
"60","AA1953G108",2008,334869
"61","AA1953G108",2009,267433
"62","AA1953G108",2010,156151
"63","AA1953G108",2011,82175
"64","AA1953G108",2012,16251
"65","AA1953G108",2013,80175
"66","AA1953G108",2014,111071
"67","AA1953G108",2015,134775
"68","AA1953G108",2016,0
"69","AA1953G108",2017,0
"70","AA1953G108",2018,145211
"71","AA1953G108",2019,264151
"72","AA1953G108",2020,161808.2192
"73","AA1953G108",2021,209332
"74","AA1953G108",2022,203416
"75","AA1953G208",2005,0
"76","AA1953G208",2006,0
"77","AA1953G208",2007,0
"78","AA1953G208",2008,0
"79","AA1953G208",2009,0
"80","AA1953G208",2010,0
"81","AA1953G208",2011,3542
"82","AA1953G208",2012,0
"83","AA1953G208",2013,0
"84","AA1953G208",2014,0
"85","AA1953G208",2015,0
"86","AA1953G208",2016,0
"87","AA1953G208",2017,0
"88","AA1953G208",2018,0
"89","AA1953G208",2019,0
"90","AA1953G208",2020,0
"91","AA1953G208",2021,0
"92","AA1953G208",2022,0
"93","AA1968G006",1979,265825
"94","AA1968G006",1980,374667
"95","AA1968G006",1981,409656
"96","AA1968G006",1982,365665
"97","AA1968G006",1983,407695
"98","AA1968G006",1984,548571
"99","AA1968G006",1985,824499
"100","AA1968G006",1986,868296
"101","AA1968G006",1987,825750
"102","AA1968G006",1988,1039565
"103","AA1968G006",1989,1072174
"104","AA1968G006",1990,1146475
"105","AA1968G006",1991,1309188
"106","AA1968G006",1992,1304260
"107","AA1968G006",1993,1462701
"108","AA1968G006",1994,1615597
"109","AA1968G006",1995,1753195
"110","AA1968G006",1996,1486139
"111","AA1968G006",1997,1896403
"112","AA1968G006",1998,770655
"113","AA1968G006",1999,524386
"114","AA1968G006",2000,772710
"115","AA1968G006",2001,694205
"116","AA1968G006",2002,711496
"117","AA1968G006",2003,376953
"118","AA1968G006",2004,20117
"119","AA1968G006",2005,29729
"120","AA1968G006",2006,458710
"121","AA1968G006",2007,115151
"122","AA1968G006",2008,41948
"123","AA1968G006",2009,196627
"124","AA1968G006",2010,1375249
"125","AA1968G006",2011,1105967
"126","AA1968G006",2012,1093560
"127","AA1968G006",2013,851814
"128","AA1968G006",2014,876523
"129","AA1968G006",2015,702573
"130","AA1968G006",2016,705260
"131","AA1968G006",2017,858847
"132","AA1968G006",2018,503674
"133","AA1968G006",2019,1091016
"134","AA1968G006",2020,767400
"135","AA1968G006",2021,810852
"136","AA1968G006",2022,597737
"137","AA1969G019",1979,10382195
"138","AA1969G019",1980,10240576
"139","AA1969G019",1981,13809824
"140","AA1969G019",1982,9309916
"141","AA1969G019",1983,4488515
"142","AA1969G019",1984,2641883
"143","AA1969G019",1985,3206698
"144","AA1969G019",1986,2552041
"145","AA1969G019",1987,2673076
"146","AA1969G019",1988,2428418
"147","AA1969G019",1989,1582797
"148","AA1969G019",1990,2400419
"149","AA1969G019",1991,3066367
"150","AA1969G019",1992,2552284
"151","AA1969G019",1993,2352241
"152","AA1969G019",1994,2488337
"153","AA1969G019",1995,2699186
"154","AA1969G019",1996,2948989
"155","AA1969G019",1997,3408882
"156","AA1969G019",1998,3412496
"157","AA1969G019",1999,2819973
"158","AA1969G019",2000,2811383
"159","AA1969G019",2001,2991668
"160","AA1969G019",2002,2935340
"161","AA1969G019",2003,3503690
"162","AA1969G019",2004,3706505
"163","AA1969G019",2005,3514868
"164","AA1969G019",2006,4197992
"165","AA1969G019",2007,4252882
"166","AA1969G019",2008,4252194
"167","AA1969G019",2009,4327378
"168","AA1969G019",2010,4140559
"169","AA1969G019",2012,3984227.397
"170","AA1969G019",2013,4470501
"171","AA1969G019",2014,3944192
"172","AA1969G019",2015,4008022
"173","AA1969G019",2016,1775631
"174","AA1969G019",2017,2684611
"175","AA1969G019",2018,3405022
"176","AA1969G019",2019,3888644
"177","AA1969G019",2020,3158178.082
"178","AA1969G019",2021,3634068
"179","AA1969G019",2022,4082238
"180","AA1972G005",1979,1110792
"181","AA1972G005",1980,1310369
"182","AA1972G005",1981,1247704
"183","AA1972G005",1982,1747872
"184","AA1972G005",1983,1734776
"185","AA1972G005",1984,1603640
"186","AA1972G005",1985,1872709
"187","AA1972G005",1986,1993638
"188","AA1972G005",1987,2055936
"189","AA1972G005",1988,2617656
"190","AA1972G005",1989,2598671
"191","AA1972G005",1990,2718168
"192","AA1972G005",1991,2891195
"193","AA1972G005",1992,3309959
"194","AA1972G005",1993,3221123
"195","AA1972G005",1994,2158726
"196","AA1972G005",1995,1162545
"197","AA1972G005",1996,1256784
"198","AA1972G005",1997,1454748
"199","AA1972G005",1998,1643690
"200","AA1972G005",1999,1554156
"201","AA1972G005",2000,1901344
"202","AA1972G005",2001,2267745
"203","AA1972G005",2002,3289542
"204","AA1972G005",2003,3366244
"205","AA1972G005",2004,3308082
"206","AA1972G005",2005,2379332
"207","AA1972G005",2006,2126660
"208","AA1972G005",2007,1921085
"209","AA1972G005",2008,2174104
"210","AA1972G005",2009,2030427
"211","AA1972G005",2010,2118036
"212","AA1972G005",2011,2357334
"213","AA1972G005",2012,3294877
"214","AA1972G005",2013,2466926
"215","AA1972G005",2014,2654164
"216","AA1972G005",2015,3880562
"217","AA1972G005",2016,5640344
"218","AA1972G005",2017,5882077
"219","AA1972G005",2018,4949079
"220","AA1972G005",2019,6261647
"221","AA1972G005",2020,5990353.425
"222","AA1972G005",2021,6036726
"223","AA1972G005",2022,5915523
"224","AA1972G105",1994,1217767
"225","AA1972G105",1995,2331740
"226","AA1972G105",1996,2440932
"227","AA1972G105",1997,2467885
"228","AA1972G105",1998,2641367
"229","AA1972G105",1999,2694373
"230","AA1972G105",2000,2085795
"231","AA1972G105",2001,3024466
"232","AA1972G105",2002,2332668
"233","AA1972G105",2003,1920764
"234","AA1972G105",2004,1662363
"235","AA1972G105",2005,2046186
"236","AA1972G105",2006,3095803
"237","AA1972G105",2007,3763696
"238","AA1972G105",2008,3288432
"239","AA1972G105",2009,3132293
"240","AA1972G105",2010,3592312
"241","AA1972G105",2011,3540770
"242","AA1972G105",2012,3239863
"243","AA1972G105",2013,3511496
"244","AA1972G105",2014,3087110
"245","AA1972G105",2015,5213685
"246","AA1972G105",2016,6403314
"247","AA1972G105",2017,5716510
"248","AA1972G105",2018,5271501
"249","AA1972G105",2019,4908219
"250","AA1972G105",2020,4883263.014
"251","AA1972G105",2021,5794038
"252","AA1972G105",2022,5732112
"253","AA1981G025",1984,33359
"254","AA1981G025",1985,166423
"255","AA1981G025",1986,666474
"256","AA1981G025",1987,712937
"257","AA1981G025",1988,574863
"258","AA1981G025",1989,527340
"259","AA1981G025",1990,584696
"260","AA1981G025",1991,548534
"261","AA1981G025",1992,613631
"262","AA1981G025",1993,605663
"263","AA1981G025",1994,637170
"264","AA1981G025",1995,520521
"265","AA1981G025",1996,443486
"266","AA1981G025",1997,501427
"267","AA1981G025",1998,544414
"268","AA1981G025",1999,715619
"269","AA1981G025",2000,900869
"270","AA1981G025",2001,809545
"271","AA1981G025",2002,739564
"272","AA1981G025",2003,843868
"273","AA1981G025",2004,819410
"274","AA1981G025",2005,819455
"275","AA1981G025",2006,788142
"276","AA1981G025",2007,792934
"277","AA1981G025",2008,793962
"278","AA1981G025",2009,791573
"279","AA1981G025",2010,507189
"280","AA1981G025",2011,774701
"281","AA1981G025",2012,767757
"282","AA1981G025",2013,793499
"283","AA1981G025",2014,606940
"284","AA1981G025",2015,709332
"285","AA1981G025",2016,699993
"286","AA1981G025",2017,250855
"287","AA1981G025",2018,224603
"288","AA1981G025",2019,316836
"289","AA1981G025",2020,248983.5616
"290","AA1981G025",2021,434405
"291","AA1981G025",2022,386868
"292","AA1981G026",1985,751444
"293","AA1981G026",1986,966282
"294","AA1981G026",1987,885222
"295","AA1981G026",1988,800074
"296","AA1981G026",1989,851526
"297","AA1981G026",1990,797592
"298","AA1981G026",1991,850932
"299","AA1981G026",1992,870932
"300","AA1981G026",1993,837732
"301","AA1981G026",1994,913038
"302","AA1981G026",1995,868890
"303","AA1981G026",1996,871287
"304","AA1981G026",1997,784167
"305","AA1981G026",1998,894392
"306","AA1981G026",1999,883792
"307","AA1981G026",2000,896721
"308","AA1981G026",2001,591258
"309","AA1981G026",2002,642685
"310","AA1981G026",2003,670110
"311","AA1981G026",2004,429399
"312","AA1981G026",2005,952381
"313","AA1981G026",2006,864784
"314","AA1981G026",2007,792789
"315","AA1981G026",2008,824254
"316","AA1981G026",2009,844449
"317","AA1981G026",2010,803819
"318","AA1981G026",2011,789893
"319","AA1981G026",2012,785057
"320","AA1981G026",2013,821953
"321","AA1981G026",2014,1025814
"322","AA1981G026",2015,428921
"323","AA1981G026",2016,402577
"324","AA1981G026",2017,172151
"325","AA1981G026",2018,0
"326","AA1981G026",2019,290200
"327","AA1981G026",2020,480284.9315
"328","AA1981G026",2021,316548
"329","AA1981G026",2022,324359
"330","AA1982G036",1983,1655602
"331","AA1982G036",1984,1485042
"332","AA1982G036",1985,1859071
"333","AA1982G036",1986,2133354
"334","AA1982G036",1987,2097334
"335","AA1982G036",1988,2094370
"336","AA1982G036",1989,1914111
"337","AA1982G036",1990,1726784
"338","AA1982G036",1991,1899166
"339","AA1982G036",1992,1237719
"340","AA1982G036",1993,381003
"341","AA1982G036",1994,558732
"342","AA1982G036",1995,589022
"343","AA1982G036",1996,360549
"344","AA1982G036",1997,426559
"345","AA1982G036",1998,905427
"346","AA1982G036",1999,740907
"347","AA1982G036",2000,853590
"348","AA1982G036",2001,1259685
"349","AA1982G036",2002,1403244
"350","AA1982G036",2003,1446000
"351","AA1982G036",2004,1281866
"352","AA1982G036",2005,2465682
"353","AA1982G036",2006,528696
"354","AA1982G036",2007,1036734
"355","AA1982G036",2008,1648661
"356","AA1982G036",2009,2446022
"357","AA1982G036",2010,3395230
"358","AA1982G036",2011,3955425
"359","AA1982G036",2012,3089148
"360","AA1982G036",2013,3762200
"361","AA1982G036",2014,3483756
"362","AA1982G036",2015,2925104
"363","AA1982G036",2016,2616108
"364","AA1982G036",2017,2107847
"365","AA1982G036",2018,2873729
"366","AA1982G036",2019,2302238
"367","AA1982G036",2020,2948479.452
"368","AA1982G036",2021,2748227
"369","AA1982G036",2022,3339537
"370","AA1982G037",1983,1854362
"371","AA1982G037",1984,1294031
"372","AA1982G037",1985,1178366
"373","AA1982G037",1986,1708992
"374","AA1982G037",1987,1912956
"375","AA1982G037",1988,1239109
"376","AA1982G037",1989,844540
"377","AA1982G037",1990,1267132
"378","AA1982G037",1991,858268
"379","AA1982G037",1992,1226276
"380","AA1982G037",1993,1582455
"381","AA1982G037",1994,1320778
"382","AA1982G037",1995,2185340
"383","AA1982G037",1996,1992497
"384","AA1982G037",1997,1775959
"385","AA1982G037",1998,2130641
"386","AA1982G037",1999,2125608
"387","AA1982G037",2000,2151429
"388","AA1982G037",2001,2131452
"389","AA1982G037",2002,2128126
"390","AA1982G037",2003,2117803
"391","AA1982G037",2004,1942975
"392","AA1982G037",2005,1801096
"393","AA1982G037",2006,1926586
"394","AA1982G037",2007,1861312
"395","AA1982G037",2008,1892376
"396","AA1982G037",2009,1970932
"397","AA1982G037",2010,1812630
"398","AA1982G037",2011,1365447
"399","AA1982G037",2012,330744
"400","AA1982G037",2013,344923
"401","AA1982G037",2014,464460
"402","AA1982G037",2015,0
"403","AA1982G037",2016,0
"404","AA1982G037",2017,0
"405","AA1982G037",2018,249619
"406","AA1982G037",2019,0
"407","AA1982G037",2020,0
"408","AA1982G037",2021,0
"409","AA1982G037",2022,0
"410","AA1982G039",1983,784515
"411","AA1982G039",1984,623686
"412","AA1982G039",1985,553608
"413","AA1982G039",1986,576468
"414","AA1982G039",1987,651027
"415","AA1982G039",1988,599407
"416","AA1982G039",1989,664690
"417","AA1982G039",1990,696855
"418","AA1982G039",1991,601332
"419","AA1982G039",1992,478628
"420","AA1982G039",1993,831986
"421","AA1982G039",1994,774767
"422","AA1982G039",1995,707219
"423","AA1982G039",1996,587847
"424","AA1982G039",1997,649942
"425","AA1982G039",1998,620863
"426","AA1982G039",1999,644397
"427","AA1982G039",2000,603467
"428","AA1982G039",2001,567345
"429","AA1982G039",2002,526052
"430","AA1982G039",2003,331630
"431","AA1982G039",2004,516380
"432","AA1982G039",2005,60523
"433","AA1982G039",2006,122803
"434","AA1982G039",2007,202282
"435","AA1982G039",2008,170948
"436","AA1982G039",2009,193633
"437","AA1982G039",2010,179079
"438","AA1982G039",2011,186721
"439","AA1982G039",2012,157415
"440","AA1982G039",2013,0
"441","AA1982G039",2014,90690
"442","AA1982G039",2015,102416
"443","AA1982G039",2016,0
"444","AA1982G039",2017,0
"445","AA1982G039",2018,0
"446","AA1982G039",2019,0
"447","AA1982G039",2020,0
"448","AA1982G039",2021,0
"449","AA1982G039",2022,0
"450","AA1982G044",1983,818561
"451","AA1982G044",1984,813579
"452","AA1982G044",1985,911581
"453","AA1982G044",1986,721775
"454","AA1982G044",1987,849416
"455","AA1982G044",1988,738883
"456","AA1982G044",1989,782978
"457","AA1982G044",1990,887882
"458","AA1982G044",1991,745370
"459","AA1982G044",1992,661970
"460","AA1982G044",1993,649041
"461","AA1982G044",1994,609874
"462","AA1982G044",1995,692449
"463","AA1982G044",1996,620995
"464","AA1982G044",1997,675230
"465","AA1982G044",1998,513340
"466","AA1982G044",1999,0
"467","AA1982G044",2000,0
"468","AA1982G044",2001,0
"469","AA1982G044",2002,0
"470","AA1982G044",2003,0
"471","AA1982G044",2004,0
"472","AA1982G044",2005,0
"473","AA1982G044",2006,0
"474","AA1982G044",2007,0
"475","AA1982G044",2008,0
"476","AA1982G044",2009,0
"477","AA1982G044",2010,0
"478","AA1982G044",2011,0
"479","AA1982G044",2012,0
"480","AA1982G044",2013,0
"481","AA1982G044",2014,0
"482","AA1982G044",2015,0
"483","AA1982G044",2016,0
"484","AA1982G044",2017,0
"485","AA1982G044",2018,0
"486","AA1982G044",2019,0
"487","AA1982G044",2020,0
"488","AA1982G044",2021,0
"489","AA1982G044",2022,0
"490","AA1986G070",1987,0
"491","AA1986G070",1988,0
"492","AA1986G070",1989,0
"493","AA1986G070",1990,0
"494","AA1986G070",1991,0
"495","AA1986G070",1992,0
"496","AA1986G070",1993,0
"497","AA1986G070",1994,0
"498","AA1986G070",1995,28090
"499","AA1986G070",1996,209470
"500","AA1986G070",1997,3707
"501","AA1986G070",1998,1343290
"502","AA1986G070",1999,1557093
"503","AA1986G070",2000,1274448
"504","AA1986G070",2001,1610745
"505","AA1986G070",2002,1808093
"506","AA1986G070",2003,1913000
"507","AA1986G070",2004,2339085
"508","AA1986G070",2005,2666041
"509","AA1986G070",2006,2584375
"510","AA1986G070",2007,3242819
"511","AA1986G070",2008,3186850
"512","AA1986G070",2009,3044578
"513","AA1986G070",2010,2150932
"514","AA1986G070",2011,1784605
"515","AA1986G070",2012,2120464
"516","AA1986G070",2013,2043756
"517","AA1986G070",2014,2085504
"518","AA1986G070",2015,2445644
"519","AA1986G070",2016,2402363
"520","AA1986G070",2017,2296942
"521","AA1986G070",2018,2695592
"522","AA1986G070",2019,2005337
"523","AA1986G070",2020,1915920.548
"524","AA1986G070",2021,2083929
"525","AA1986G070",2022,2322630
"526","AA1987G069",1992,1081945
"527","AA1987G069",1993,2177611
"528","AA1987G069",1994,2063707
"529","AA1987G069",1995,2259660
"530","AA1987G069",1996,2269522
"531","AA1987G069",1997,2367490
"532","AA1987G069",1998,1967178
"533","AA1987G069",1999,2873255
"534","AA1987G069",2000,2522907
"535","AA1987G069",2001,1983411
"536","AA1987G069",2002,2063759
"537","AA1987G069",2003,1619279
"538","AA1987G069",2004,1850210
"539","AA1987G069",2005,660948
"540","AA1987G069",2006,2645482
"541","AA1987G069",2007,2612312
"542","AA1987G069",2008,1685751
"543","AA1987G069",2009,2001216
"544","AA1987G069",2010,3096838
"545","AA1987G069",2011,4470836
"546","AA1987G069",2012,1543844
"547","AA1987G069",2013,2846775
"548","AA1987G069",2014,3695844
"549","AA1987G069",2015,4808232
"550","AA1987G069",2016,5139134
"551","AA1987G069",2017,3550699
"552","AA1987G069",2018,4451808
"553","AA1987G069",2019,4354995
"554","AA1987G069",2020,4390742.466
"555","AA1987G069",2021,6474085
"556","AA1987G069",2022,4416271
"557","AA2005G020",2012,1543844
"558","AA2005G020",2013,2749786
"559","AA2005G020",2014,2738562
"560","AA2005G020",2015,3325123
"561","AA2005G020",2016,2374969
"562","AA2005G020",2017,2755586
"563","AA2005G020",2018,2412488
"564","AA2005G020",2019,2947284
"565","AA2005G020",2020,3639972.603
"566","AA2005G020",2021,3551145
"567","AA2005G020",2022,2109811
"568","total_annual_avg",1979,12422554
"569","total_annual_avg",1980,15626075
"570","total_annual_avg",1981,16442688
"571","total_annual_avg",1982,13725057
"572","total_annual_avg",1983,15208403
"573","total_annual_avg",1984,12421554
"574","total_annual_avg",1985,14831424
"575","total_annual_avg",1986,15577241
"576","total_annual_avg",1987,15421550
"577","total_annual_avg",1988,14954799
"578","total_annual_avg",1989,13405362
"579","total_annual_avg",1990,16507830
"580","total_annual_avg",1991,17111178
"581","total_annual_avg",1992,17225221
"582","total_annual_avg",1993,18675514
"583","total_annual_avg",1994,19121754
"584","total_annual_avg",1995,21778646
"585","total_annual_avg",1996,22013581
"586","total_annual_avg",1997,22915379
"587","total_annual_avg",1998,23989309
"588","total_annual_avg",1999,23912485
"589","total_annual_avg",2000,22969341
"590","total_annual_avg",2001,24435643
"591","total_annual_avg",2002,24952923
"592","total_annual_avg",2003,24141921
"593","total_annual_avg",2004,24379307
"594","total_annual_avg",2005,24312389
"595","total_annual_avg",2006,26227734
"596","total_annual_avg",2007,26513021
"597","total_annual_avg",2008,25809830
"598","total_annual_avg",2009,26783550
"599","total_annual_avg",2010,29881649
"600","total_annual_avg",2011,27477016
"601","total_annual_avg",2012,27589980.397
"602","total_annual_avg",2013,29210577
"603","total_annual_avg",2014,29901638
"604","total_annual_avg",2015,33638462
"605","total_annual_avg",2016,33935402
"606","total_annual_avg",2017,32801035
"607","total_annual_avg",2018,33936858
"608","total_annual_avg",2019,34897885
"609","total_annual_avg",2020,34917391.7813
"610","total_annual_avg",2021,38513355
"611","total_annual_avg",2022,32468863.644
